<?xml version="1.0" encoding="UTF-8"?>
<!--
	This configuration file was written by the eclipse-cs plugin configuration editor
-->
<!--
Checkstyle-Configuration: UCD Mobius
Description:
The UCD Mobius coding standard.
-->
<!DOCTYPE module PUBLIC "-//Puppy Crawl//DTD Check Configuration 1.2//EN" "http://www.puppycrawl.com/dtds/configuration_1_2.dtd">
<module name="Checker">
    <property name="severity" value="warning"/>
    <module name="TreeWalker">
        <property name="tabWidth" value="2"/>
        <module name="JavadocType">
            <property name="authorFormat" value=".*(.*@.*)"/>
            <property name="versionFormat" value=".*-[0-9]+"/>
        </module>
        <module name="JavadocVariable"/>
        <module name="JavadocMethod"/>
        <module name="JavadocStyle"/>
        <module name="ConstantName"/>
        <module name="LocalFinalVariableName">
            <property name="format" value="^[a-z][_a-zA-Z0-9]*$"/>
        </module>
        <module name="LocalVariableName">
            <property name="format" value="^[a-z][_a-z0-9]*$"/>
        </module>
        <module name="MemberName">
            <property name="format" value="^my_[a-z][_a-zA-Z0-9]*$"/>
        </module>
        <module name="MethodName">
            <property name="format" value="^[a-z][_a-zA-Z0-9]*$"/>
        </module>
        <module name="ParameterName">
            <property name="format" value="(^a_[a-z][_a-z0-9]*$)|(^an_[a-z][_a-z0-9]*$)|(^the_[a-z][_a-z0-9]*$)|(^some_[a-z][_a-z0-9]*$)"/>
        </module>
        <module name="StaticVariableName">
            <property name="format" value="^[a-z][_a-zA-Z0-9]*$"/>
        </module>
        <module name="TypeName"/>
        <module name="AvoidStarImport"/>
        <module name="IllegalImport"/>
        <module name="RedundantImport"/>
        <module name="UnusedImports"/>
        <module name="ExecutableStatementCount">
            <property name="max" value="10"/>
            <property name="tokens" value="CTOR_DEF"/>
        </module>
        <module name="ExecutableStatementCount">
            <property name="max" value="20"/>
            <property name="tokens" value="METHOD_DEF"/>
        </module>
        <module name="ExecutableStatementCount">
            <property name="max" value="5"/>
            <property name="tokens" value="INSTANCE_INIT"/>
        </module>
        <module name="ExecutableStatementCount">
            <property name="max" value="0"/>
            <property name="tokens" value="STATIC_INIT"/>
        </module>
        <module name="FileLength">
            <property name="max" value="500"/>
        </module>
        <module name="LineLength">
            <property name="ignorePattern" value="(^ *//\*@ .+$)|(^ *@.+$)"/>
            <property name="max" value="95"/>
        </module>
        <module name="MethodLength">
            <property name="max" value="20"/>
            <property name="tokens" value="CTOR_DEF"/>
        </module>
        <module name="MethodLength">
            <property name="max" value="40"/>
            <property name="tokens" value="METHOD_DEF"/>
        </module>
        <module name="AnonInnerLength"/>
        <module name="ParameterNumber">
            <property name="max" value="8"/>
            <property name="tokens" value="CTOR_DEF,METHOD_DEF"/>
        </module>
        <module name="EmptyForIteratorPad"/>
        <module name="NoWhitespaceAfter"/>
        <module name="NoWhitespaceBefore"/>
        <module name="OperatorWrap">
            <property name="option" value="eol"/>
            <property name="tokens" value="ASSIGN, BAND, BAND_ASSIGN, BOR,               BOR_ASSIGN, BSR, BSR_ASSIGN, BXOR, BXOR_ASSIGN, COLON, DIV,               DIV_ASSIGN, EQUAL, GE, GT, LAND, LE, LITERAL_INSTANCEOF, LOR,               LT, MINUS, MINUS_ASSIGN, MOD, MOD_ASSIGN, NOT_EQUAL, PLUS,               PLUS_ASSIGN, QUESTION, SL, SL_ASSIGN, SR, SR_ASSIGN, STAR,               STAR_ASSIGN"/>
        </module>
        <module name="ParenPad"/>
        <module name="TabCharacter"/>
        <module name="WhitespaceAfter">
            <property name="tokens" value="COMMA, SEMI"/>
        </module>
        <module name="WhitespaceAround"/>
        <module name="ModifierOrder"/>
        <module name="RedundantModifier"/>
        <module name="AvoidNestedBlocks"/>
        <module name="EmptyBlock"/>
        <module name="RightCurly"/>
        <module name="CovariantEquals"/>
        <module name="DoubleCheckedLocking"/>
        <module name="EmptyStatement"/>
        <module name="EqualsHashCode"/>
        <module name="FinalLocalVariable"/>
        <module name="HiddenField"/>
        <module name="InnerAssignment"/>
        <module name="MagicNumber">
            <property name="ignoreNumbers" value="-1, 0, 1, 10"/>
        </module>
        <module name="MissingSwitchDefault"/>
        <module name="RedundantThrows"/>
        <module name="SimplifyBooleanExpression"/>
        <module name="SimplifyBooleanReturn"/>
        <module name="StringLiteralEquality"/>
        <module name="NestedIfDepth">
            <property name="max" value="2"/>
        </module>
        <module name="NestedTryDepth">
            <property name="max" value="2"/>
        </module>
        <module name="SuperClone"/>
        <module name="SuperFinalize"/>
        <module name="IllegalCatch"/>
        <module name="PackageDeclaration"/>
        <module name="ReturnCount">
            <property name="max" value="3"/>
        </module>
        <module name="IllegalType"/>
        <module name="DeclarationOrder"/>
        <module name="ParameterAssignment"/>
        <module name="ExplicitInitialization"/>
        <module name="VisibilityModifier">
            <property name="packageAllowed" value="true"/>
        </module>
        <module name="FinalClass"/>
        <module name="InterfaceIsType"/>
        <module name="HideUtilityClassConstructor"/>
        <module name="DesignForExtension"/>
        <module name="MutableException"/>
        <module name="ThrowsCount">
            <property name="max" value="3"/>
        </module>
        <module name="CyclomaticComplexity"/>
        <module name="GenericIllegalRegexp">
            <property name="format" value="\s+$"/>
            <property name="message" value="Line has trailing spaces."/>
        </module>
        <module name="GenericIllegalRegexp">
            <property name="format" value="System\.out\.println"/>
            <property name="message" value="Never use System.out."/>
        </module>
        <module name="GenericIllegalRegexp">
            <property name="format" value="(@review)|(@todo)|(@design)"/>
            <property name="message" value="Some code still needs review."/>
        </module>
        <module name="UncommentedMain"/>
        <module name="UpperEll"/>
        <module name="ArrayTypeStyle"/>
        <module name="FinalParameters"/>
        <module name="DescendantToken">
            <property name="tokens" value="LITERAL_ASSERT"/>
            <property name="limitedTokens" value="ASSIGN,DEC,INC,POST_DEC,                 POST_INC,PLUS_ASSIGN,MINUS_ASSIGN,STAR_ASSIGN,DIV_ASSIGN,MOD_ASSIGN,                 BSR_ASSIGN,SR_ASSIGN,SL_ASSIGN,BAND_ASSIGN,BXOR_ASSIGN,BOR_ASSIGN,                 METHOD_CALL"/>
            <property name="maximumNumber" value="0"/>
        </module>
        <module name="Indentation">
            <property name="basicOffset" value="2"/>
            <property name="caseIndent" value="2"/>
        </module>
    </module>
    <module name="PackageHtml"/>
    <module name="NewlineAtEndOfFile">
        <property name="lineSeparator" value="lf"/>
    </module>
    <module name="StrictDuplicateCode">
        <property name="min" value="15"/>
    </module>
</module>
